"",".","n"
"1","nationalcancerinstitute",28
"2","mayoclinic",24
"3","memorialsloanketteringcancercenter",23
"4","dukeuniversity",18
"5","universityofcalifornia",17
"6","universityofwashington",16
"7","dukeuniversitymedicalcenter",15
"8","theuniversityoftexasmdandersoncancercenter",15
"9","baylorcollegeofmedicine",14
"10","universityofchicago",14
"11","dana-farbercancerinstitute",13
"12","brighamandwomen'shospital",11
"13","universityofminnesota",11
"14","vanderbiltuniversitymedicalcenter",11
"15","washingtonuniversityschoolofmedicine",11
"16","chanschoolofpublichealth",10
"17","emoryuniversity",10
"18","universityofsoutherncalifornia",10
"19","dukeuniversityschoolofmedicine",9
"20","northwesternuniversity",9
"21","harvardmedicalschool",8
"22","roswellparkcancerinstitute",8
"23","universityoftoronto",8
"24","cornelluniversity",7
"25","fredhutchinsoncancerresearchcenter",7
"26","johnshopkinsuniversity",7
"27","medicaluniversityofsouthcarolina",7
"28","universityofpennsylvania",7
"29","foxchasecancercenter",6
"30","johnshopkinsbloombergschoolofpublichealth",6
"31","massachusettsgeneralhospital",6
"32","nationalinstituteofenvironmentalhealthsciences",6
"33","stanforduniversity",6
"34","universityofarizona",6
"35","universityofmichigan",6
"36","universityofpittsburgh",6
"37","universityoftexassouthwesternmedicalcenter",6
"38","alberteinsteincollegeofmedicine",5
"39","cedars-sinaimedicalcenter",5
"40","icahnschoolofmedicineatmountsinai",5
"41","newyorkuniversityschoolofmedicine",5
"42","theohiostateuniversity",5
"43","universityofbritishcolumbia",5
"44","universityofillinoisatchicago",5
"45","universityoftennesseehealthsciencecenter",5
"46","universityofutah",5
"47","universityofwisconsinschoolofmedicineandpublichealth",5
"48","vanderbiltuniversity",5
"49","washingtonuniversity",5
"50","brighamandwomen'shospitalandharvardmedicalschool",4
"51","casewesternreserveuniversity",4
"52","danafarbercancerinstitute",4
"53","dukecancerinstitute",4
"54","eastcarolinauniversity",4
"55","geiselschoolofmedicineatdartmouth",4
"56","internationalagencyforresearchoncancer",4
"57","massachusettsgeneralhospitalcancercenter",4
"58","mdandersoncancercenter",4
"59","northwesternuniversityfeinbergschoolofmedicine",4
"60","ohiostateuniversity",4
"61","rutgerscancerinstituteofnewjersey",4
"62","thomasjeffersonuniversity",4
"63","trinitytranslationalmedicineinstitute",4
"64","universityofcaliforniasandiego",4
"65","universityofchicagomedicine",4
"66","universityofcolorado",4
"67","universityofgeorgia",4
"68","universityofleeds",4
"69","universityofsouthcarolina",4
"70","universityofvirginia",4
"71","weillcornellmedicalcollege",4
"72","bostonchildren'shospital",3
"73","bostonuniversityschoolofpublichealth",3
"74","broadinstituteofmitandharvard",3
"75","centerforhealthresearch",3
"76","chinamedicaluniversity",3
"77","clevelandclinic",3
"78","coloradostateuniversity",3
"79","dukeuniversityschoolofnursing",3
"80","emoryuniversityschoolofmedicine",3
"81","fudanuniversity",3
"82","hospitalalemánofbuenosaires",3
"83","humangenomesequencingcenter",3
"84","huntsmancancerinstitute",3
"85","johnshopkinsuniversityschoolofmedicine",3
"86","jordanuniversityofscienceandtechnology",3
"87","karolinskainstitutet",3
"88","levinecancerinstitute",3
"89","moffittcancercenter",3
"90","nationalhumangenomeresearchinstitute",3
"91","northcarolinastateuniversity",3
"92","NOTDETECTED/OTHER:departmentofpathologyandlaboratorymedicine",3
"93","oregonhealth&scienceuniversity",3
"94","rutgersuniversity",3
"95","stanforduniversityschoolofmedicine",3
"96","theinstituteofcancerresearch",3
"97","theresearchinstituteatnationwidechildren'shospital",3
"98","universityhospitalregensburg",3
"99","universityofcalifornialosangeles",3
"100","universityofcaliforniasanfrancisco",3
"101","universityofcambridge",3
"102","universityofcoloradoanschutzmedicalcampus",3
"103","universityofkansas",3
"104","universityofmalawi",3
"105","universityofmelbourne",3
"106","universityofnewmexico",3
"107","universityofoslo",3
"108","universityofrochestermedicalcenter",3
"109","universityofsheffield",3
"110","universityofsouthflorida",3
"111","universityoftexasmdandersoncancercenter",3
"112","universityofthewitwatersrand",3
"113","universityofvermont",3
"114","universityofwashingtonschoolofmedicine",3
"115","universityofwisconsin",3
"116","veteransaffairsmedicalcenter",3
"117","wakeforestuniversity",3
"118","washingtonuniversityinst",3
"119","yalecancercenter",3
"120","yaleuniversityschoolofmedicine",3
"121","2kaiserpermanentewashingtonhealthresearchinstitute",2
"122","aarhusuniversity",2
"123","acadiauniversity",2
"124","americanuniversityofbeirut",2
"125","barretoscancerhospital",2
"126","bayloruniversitymedicalcenter",2
"127","bccanceragency",2
"128","bethisraeldeaconessmedicalcenter",2
"129","bostonuniversity",2
"130","broadinstituteofharvardandmit",2
"131","capitalmedicaluniversitybeijing",2
"132","casewesternreserveuniversityschoolofmedicine",2
"133","centersfordiseasecontrolandprevention",2
"134","changchuninstituteofappliedchemistry",2
"135","children'shospitalofphiladelphia",2
"136","cityofhopecomprehensivecancercenter",2
"137","clinicalresearchdivision",2
"138","columbiauniversitymedicalcenter",2
"139","croavianonationalcancerinstitute",2
"140","dalhousieuniversity",2
"141","dartmouthcollege",2
"142","debartolofamilypersonalizedmedicineinstitute",2
"143","dukeuniversityhospital",2
"144","federaluniversityofsaopaulo",2
"145","feinsteininstituteformedicalresearch",2
"146","georgetownuniversityschoolofmedicine",2
"147","georgiastateuniversity",2
"148","germancancerresearchcenter",2
"149","helenjosephhospital",2
"150","hudsonalphainstituteforbiotechnology",2
"151","imperialcollege",2
"152","indianauniversityschoolofmedicine",2
"153","instituteforsystemsbiology",2
"154","instituteofpopulation-basedcancerresearch",2
"155","judechildren'sresearchhospital",2
"156","kamuzucentralhospital",2
"157","kanazawauniversity",2
"158","leemoffittcancercenter&researchinstitute",2
"159","lesterandsuesmithbreastcenter",2
"160","louisianastateuniversityhealthsciencescenter",2
"161","massachusettsgeneralhospitalandharvardmedicalschool",2
"162","mayocliniccollegeofmedicine",2
"163","medstargeorgetownuniversityhospital",2
"164","memorialsloan-ketteringcancercenter",2
"165","newyorkuniversitylangonemedicalcenter",2
"166","norriscottoncancercenter",2
"167","northcarolinacentraluniversity",2
"168","northshoreuniversityhealthsystem",2
"169","NOTDETECTED/OTHER:ambrygenetics,alisoviejo,california",2
"170","NOTDETECTED/OTHER:curriculuminbioinformaticsandcomputationalbiology",2
"171","ontariocancerinstitute",2
"172","oregonhealthandscienceuniversity",2
"173","petermaccallumcancercentre",2
"174","qataruniversity",2
"175","qimrberghofermedicalresearchinstitute",2
"176","radbouduniversitymedicalcenter",2
"177","radbouduniversitymedicalcentre",2
"178","rutgersrobertwoodjohnsonmedicalschool",2
"179","samueloschincomprehensivecancerinstitute",2
"180","sandiegostateuniversity",2
"181","schoolofmedicine",2
"182","shenzhenuniversity",2
"183","sidneykimmelcomprehensivecancercenteratjohnshopkins",2
"184","sloneepidemiologycenteratbostonuniversity",2
"185","stanfordcancerinstitute",2
"186","stateuniversityofnewyorkupstate",2
"187","templeuniversity",2
"188","texasa&muniversity",2
"189","thesidneykimmelcomprehensivecancercenteratjohnshopkins",2
"190","thetischcancerinstitute",2
"191","theuniversityoftexasm",2
"192","umeåuniversity",2
"193","universitycollegehospital",2
"194","universityhealthnetwork",2
"195","universitymedicalcenter",2
"196","universitymedicalcenterutrecht",2
"197","universityofalabamaatbirmingham",2
"198","universityofarkansasformedicalsciences",2
"199","universityofbirmingham",2
"200","universityofcaliforniairvine",2
"201","universityofcincinnaticollegeofmedicine",2
"202","universityofcoloradodenver",2
"203","universityofcoloradoschoolofmedicine",2
"204","universityofcopenhagen",2
"205","universityoffloridahospitals",2
"206","universityofkansascancercenter",2
"207","universityofkansasmedicalcenter",2
"208","universityofkentucky",2
"209","universityofmagdeburg",2
"210","universityofmaryland",2
"211","universityofmassachusetts",2
"212","universityofmiami",2
"213","universityofoklahoma",2
"214","universityofoxford",2
"215","universityofsaopaulo",2
"216","universityofsoutherncalifornia/norriscomprehensivecancercenter",2
"217","universityofsydney",2
"218","universityoftexasataustin",2
"219","universityofutahschoolofmedicine",2
"220","universityofwisconsin-madison",2
"221","universityofzambia",2
"222","utmdandersoncancercenter",2
"223","vanderbilt-ingramcancercenter",2
"224","wakeforestschoolofmedicine",2
"225","wakeforestuniversityschoolofmedicine",2
"226","washingtonstateuniversity",2
"227","waynestateuniversity",2
"228","yaleschoolofpublichealth",2
"229","yonseiuniversity",2
"230","""federicoii""universityofnaples",1
"231","1northwesternuniversityfeinbergschoolofmedicine",1
"232","1theuniversityoftexashealthsciencecenterathouston",1
"233","1universityofbrasília",1
"234","1universityofpennsylvania",1
"235","1virginiacommonwealthuniversity",1
"236","22fredhutchinsoncancerresearchcenter",1
"237","23medicinesandhealthcareproductsregulatoryagency",1
"238","26blueclinicalphasei",1
"239","28europeancentrefordiseasepreventionandcontrol",1
"240","29vuuniversitymedicalcenter",1
"241","2beaumonthospitaloakwoodcampus",1
"242","2coloradoschoolofpublichealth",1
"243","2emoryuniversity",1
"244","2georgewashingtonuniversity",1
"245","2sandiegostateuniversity/universityofcalifornia",1
"246","2usda/arsgrandforkshumannutritionresearchcenter",1
"247","30instituteforqualityandefficiencyinhealthcare",1
"248","32leidenuniversitymedicalcenter/haaglandenmedicalcenter",1
"249","3dartmouthinstituteforhealthpolicy&clinicalpractice",1
"250","3dartmouthinstituteforhealthpolicyandclinicalpractice",1
"251","3emoryuniversity",1
"252","3federaluniversityofgoiás",1
"253","3kaiserpermanentewashingtonhealthresearchinstitute",1
"254","3oregonhealth&scienceuniversity",1
"255","3sandiegostateuniversity",1
"256","4nationalinstitutesofhealth",1
"257","4northcarolinacentraluniversity",1
"258","4universityofsouthcarolina",1
"259","4usda/arschildren'snutritionresearchcenter",1
"260","5northcarolinacentraluniversity",1
"261","5universityofwashington",1
"262","5universityofyork",1
"263","6alberteinsteincollegeofmedicine",1
"264","7southbaylatinoresearchcenter",1
"265","7universityofcaliforniadavis",1
"266","8thedartmouthinstituteforhealthpolicyandclinicalpracticeandnorriscottoncancercenter",1
"267","abiastateuniversityteachinghospital",1
"268","academicmedicalcenter",1
"269","academicmedicalcentre",1
"270","aflaccancerandblooddisorderscenteratchildren'shealthcareofatlanta/emoryuniversity",1
"271","aichicancercenterresearchinstitute",1
"272","alberteinsteincancercenter",1
"273","alliancestatisticsanddatacenter",1
"274","allindiainstituteofmedicalsciences",1
"275","americancollegeofmedicalgeneticsandgenomics",1
"276","americaninstitutesforresearch",1
"277","andmcmasteruniversity",1
"278","andnorthcarolinastateuniversity",1
"279","andthesmilowcancercenteratyaleuniversity",1
"280","andtheuniversityofnortherncoloradocancerrehabilitationinstitute",1
"281","andwhocollaboratingcenterfornutritionandhealth",1
"282","archboldmedicalcenter",1
"283","arizonaclinicalresearchcenter",1
"284","auburnuniversity",1
"285","augustauniversity",1
"286","augustpiisunyerbiomedicalresearchinstitute(idibaps)",1
"287","autism&developmentalmedicineinstitute",1
"288","bartscancerinstitute",1
"289","baylorcollegeofmedicinechildren'sfoundationmalawi",1
"290","bccanceragencygenomesciencescentre",1
"291","beaumontresearchinstitute",1
"292","beckmanresearchinstituteandcityofhopecomprehensivecancercenter",1
"293","beckmanresearchinstituteofcityofhope",1
"294","benefisslettencancerinstitute",1
"295","bethisraeldeaconessmedicalcenterandharvardmedicalschool",1
"296","biomedicalandtranslationalinformaticsinstitute",1
"297","bionomicsltd",1
"298","blokhincancerresearchcentre",1
"299","bloodworksnwresearchinstitute",1
"300","blueclinicalphasei",1
"301","bostonuniversityandbostonmedicalcenter",1
"302","bostonuniversityschoolofmedicine",1
"303","braintumorcenterofexcellence",1
"304","brigham&women'shospitalandharvardmedicalschool",1
"305","brighamandwomen'shospitalandbostonvahealthcaresystem",1
"306","britishcolumbiacanceragency",1
"307","britishcolumbiacancerresearchcentre",1
"308","broadinstitute",1
"309","broadinstituteofmassachusettsinstituteoftechnologyandharvarduniversity",1
"310","broadinstituteofmit&harvard",1
"311","broadinstituteofmitandharvarduniversity",1
"312","brownuniversity",1
"313","brtishcolumbiacanceragency",1
"314","buckinstituteforresearchonaging",1
"315","california;sanfranciscomedicalcenter",1
"316","californiacancercenter",1
"317","cambridgeuniversity",1
"318","canada;montrealheartinstitute",1
"319","cancercenterleonberard",1
"320","cancercentermariasklodowska-curieinstituteofoncology",1
"321","cancercenterofhawaii",1
"322","cancercenterofkansas",1
"323","cancerpreventioninstituteofcalifornia",1
"324","cancerresearchandpreventioninstitute",1
"325","cannonresearchcenter",1
"326","carolinasmedicalcenter",1
"327","casecomprehensivecancercenter",1
"328","casewesternuniversity",1
"329","catalaninstituteofoncology(ico-idibell)",1
"330","catholicuniversity",1
"331","cedarssinaimedicalcenter",1
"332","centerforbioethics",1
"333","centerforbiostatisticsinaidsresearch",1
"334","centerfordrugevaluationandresearch",1
"335","centerforgastrointestinalbiologyanddisease",1
"336","centerforgenomicmedicine",1
"337","centerforhealthequityandcommunityengagedresearch",1
"338","centerforhealthresearch-kaiserpermanentenorthwest",1
"339","centerforhealthservicesresearchinprimarycare",1
"340","centerforhematologicmalignancies",1
"341","centerforinnovationsinquality",1
"342","centerformedicalethicsandhealthpolicy",1
"343","centerformolecularoncology",1
"344","centerforprecisionenvironmentalhealth",1
"345","centerfortranslationalresearchoninflammatorydiseases(ctrid)",1
"346","centralsouthuniversity",1
"347","centreantoine-lacassagne",1
"348","centred'etudedessupportsdepublicité",1
"349","centrederechercheducentrehospitalierdel'universitédemontréal(crchum)",1
"350","centreforinnovativeandcollaborativehealthservicesresearch",1
"351","centrehospitalierdel'universitédemontréal",1
"352","centrohospitalarsãojoão",1
"353","champalimaudclinicalcenter/champalimaudfoundation",1
"354","charlesbronfmaninstituteforpersonalizedmedicine",1
"355","charlesuniversity",1
"356","chibakensaiseikainarashinohospital",1
"357","children'shospitalatmontefiore",1
"358","chinamedicaluniversityandhospital",1
"359","chinamedicaluniversityhospital",1
"360","chinapharmaceuticaluniversity",1
"361","chineseacademyofmedicalsciencesandpekingunionmedialcollege",1
"362","christchurchhospital",1
"363","cityofhopecomprehensivecancercenterandbeckmanresearchinstitute",1
"364","clalitnationalcancercontrolcenteratcarmelmedicalcenterandtechnionfacultyofmedicine",1
"365","clemsonuniversity",1
"366","clevelandclinic-weston",1
"367","clevelandclinicgenomicmedicineinstitute",1
"368","clevinecancerinstitute",1
"369","clinicalcenterofserbia",1
"370","clinicalgeneticsservice",1
"371","clinicaloutcomessolutions",1
"372","clinicalpharmacology",1
"373","coloradoschoolofpublichealth",1
"374","columbiauniversity",1
"375","columbiauniversitycollegeofphysiciansandsurgeons",1
"376","computationalbiologycenter",1
"377","conehealthcancercenter",1
"378","copenhagenuniversityhospital",1
"379","copernicushospitalgdańsk",1
"380","creightonuniversitymedicalcenter",1
"381","criticalpathinstitute",1
"382","d'annunziouniversity",1
"383","dana-farber/brighamandwomen'scancercenterandharvardmedicalschool",1
"384","dana-farber/harvardcancercenter",1
"385","dana-farbercancerinstitute/brighamandwomen'shospital",1
"386","dartmouth-hitchcockmedicalcenter",1
"387","davidgeffenschoolofmedicineatucla",1
"388","davidgeffenschoolofmedicineatuniversityofcalifornia",1
"389","departmentofcancerbiologyandcomprehensivecancercenter",1
"390","departmentofclinicalresearchdivision",1
"391","departmentofclinicalsciencesandcommunityhealth",1
"392","departmentofpharmacychinapharmaceuticaluniversitynanjing210009china",1
"393","departmentofpharmacynanjinguniversityofchinesemedicinenanjing210023china",1
"394","departmentofthoracicsurgeryvirginiamasonmedicalcenter",1
"395","divisionofmedicaloncologyattheuniversityoftennesseehealthsciencecenter(uthsc)",1
"396","divisionofpublichealthsciencesatfredhutchinsoncancerresearchcenter",1
"397","duke-nus(nationaluniversityofsingapore)medicalschool",1
"398","dukeschoolofmedicine",1
"399","dukeuniversityandcancercontrolandpopulationsciencesprogram",1
"400","durhamvamedicalcenter",1
"401","educationandclinicalcenter(mirecc)",1
"402","esophagealandlunginstitute",1
"403","europeancentrefordiseasepreventionandcontrol",1
"404","europeanorganisationforresearchandtreatmentofcancer",1
"405","europeanorganisationforresearchandtreatmentofcancer(eortc)",1
"406","europeanorganisationforresearchandtreatmentofcancer(eortc)hq",1
"407","experimentalandclinicalpharmacologyunit",1
"408","federalmedicalcentre",1
"409","federaluniversityofriograndedosul",1
"410","federaluniversityofsãopaulo",1
"411","federicoiiuniversity",1
"412","fieldingschoolofpublichealthatucla",1
"413","flevohospital",1
"414","flindersuniversity",1
"415","floridahospitalmedicalgroup",1
"416","fondazionepoliclinicoagostinogemelli",1
"417","fourthmilitarymedicaluniversity",1
"418","frenchreferencecenterforparaneoplasticneurologicalsyndrome",1
"419","fromtheuniversityoftexasm",1
"420","fujitahealthuniversityschoolofmedicine",1
"421","geisingercommonwealthschoolofmedicine",1
"422","georgespompidouhospital",1
"423","georgetownuniversity",1
"424","geriatricresearcheducationandclinicalcenter(grecc)",1
"425","germancancerresearchcenter (dkfz)",1
"426","germancancerresearchcenter(dfkz)",1
"427","germancancerresearchcenter(dkfz)",1
"428","gillingsschoolofglobalpublic",1
"429","gillingsschoolofglobalpublichealth",1
"430","groupementhospitalierest",1
"431","hacettepeuniversity",1
"432","hackensackuniversitymedicalcenter",1
"433","hamamatsuuniversityschoolofmedicine",1
"434","hannovermedicalschool",1
"435","harvardmedicalschoolandharvardpilgrimhealthcareinstitute",1
"436","harvardthchanschoolofpublichealth",1
"437","harvarduniversity",1
"438","harvarduniversitymedicalschool",1
"439","heidelberguniversityhospital",1
"440","hemophiliaandthrombosiscenter",1
"441","hersheymedicalcenter",1
"442","hersheymedicalcenter/pennsylvaniastateuniversity",1
"443","hirosakiuniversitygraduateschoolofmedicine",1
"444","hospitalclínicdebarcelona",1
"445","hospitalclínico",1
"446","hospitalclinicofbarcelona",1
"447","hospitalclínicosancarlos",1
"448","hospitaldasclínicasdafaculdadedemedicinadauniversidadedesãopaulo",1
"449","hospitaldelasantacreuisantpau",1
"450","hospitalerastogaertner",1
"451","hospitalgeneraluniversitariogregoriomarañón",1
"452","howardhughesmedicalinstitute",1
"453","howarduniversitycollegeofmedicine",1
"454","huazhonguniversityofscienceandtechnology",1
"455","icahnschoolofmedicineatmt",1
"456","iconclinicalresearch",1
"457","imperialcollegelondon",1
"458","india;king'shealthpartnerscomprehensivecancercentreandinstituteofcancerpolicy",1
"459","indianauniversity",1
"460","indianauniversitymedicalcenter",1
"461","instituteforclinicalandtranslationalresearch",1
"462","institutefordiseasemodeling",1
"463","instituteforimageguidedsurgeryihu-strasbourg",1
"464","instituteforresearchinbiomedicine(irbbarcelona)andciberonc",1
"465","instituteofbasicmedicalsciences",1
"466","instituteofbiophysics",1
"467","instituteofbiosciencesandtechnology",1
"468","instituteofepidemiologyii",1
"469","instituteofmedicinalplantdevelopment(implad)",1
"470","instituteofmolecularpathologyandimmunologyoftheuniversityofporto",1
"471","instituteofpopulationhealthsciences",1
"472","istanbuluniversity",1
"473","jacobimedicalcenter",1
"474","jilinuniversity",1
"475","johnshopkinsschoolofmedicine",1
"476","johnshopkinsschoolofnursing",1
"477","johnshopkinsschoolofpublichealth",1
"478","johnshopkinssidneykimmelcomprehensivecancercenter",1
"479","judechildren'shospital",1
"480","kaiserpermanentenortherncaliforniaoaklandmedicalcenter",1
"481","kaiserpermanenteofwashingtonhealthresearchinstitute",1
"482","kaiserpermanentewashingtonhealthresearchinstitute",1
"483","kenyamedicalresearchinstitute",1
"484","keylaboratoryofxin'anmedicineministryofeducationanhuiprovincekeylaboratoryofr&dofchinesemedicineanhuiuniversityoftraditionalchinesemedicinehefeianhui230038china",1
"485","king'scollegelondon",1
"486","king'shealthpartnerscomprehensivecancercentreandinstituteofcancerpolicy",1
"487","kinghusseincancercenter",1
"488","kitasatouniversityschoolofmedicine",1
"489","kochinstituteforintegrativecancerresearchanddepartmentofbiology",1
"490","koreauniversity",1
"491","kraviscenterformolecularoncology",1
"492","kumamotouniversity",1
"493","kumamotouniversitygraduateschoolofmedicine",1
"494","kurokawahospital",1
"495","laboratoryofexperimentalclinicalchemistry",1
"496","laheyhospital&medicalcenter",1
"497","lankenauhospital",1
"498","latimoneuniversityhospitalofmarseille",1
"499","lausanneuniversityhospital(chuv)",1
"500","leemoffitcancercenter",1
"501","leemoffittcancercenterandresearchinstitute",1
"502","leidenuniversitymedicalcenterandhaaglandenmedicalcenter",1
"503","levinecancercenter",1
"504","linköpinguniversity",1
"505","londonschoolofhygiene&tropicalmedicine",1
"506","londonuk;centreforglobaldevelopment",1
"507","louisianastateuniversity",1
"508","louisianastateuniversityhealthsciencecenter",1
"509","loyolauniversitymedicalcenter",1
"510","ltd",1
"511","ludwigmaximiliansuniversity",1
"512","lunenfeld-tanenbaumresearchinstitute",1
"513","luriecomprehensivecancercenterofnorthwesternuniversity",1
"514","lyon-sudhospital",1
"515","maastrichtuniversitymedicalcenter",1
"516","maimonidesmedicalcenter",1
"517","makerereuniversity",1
"518","malawicollegeofmedicine",1
"519","marybridgehospital/multicarehealthsystem",1
"520","marycrowleycancerresearchcenter",1
"521","massachusettsgeneralhospitalcancercenterandharvardmedicalschool",1
"522","masseycancercenteratvirginiacommonwealthuniversity",1
"523","maxplanckinstituteofmolecularphysiology",1
"524","mayoclinicandmayocancercenter",1
"525","mayocliniccomprehensivecancercenter",1
"526","medebakeyvamedicalcenter",1
"527","medicalcollegeofwisconsin",1
"528","medicalcollegeofwisconsincancercenter",1
"529","medicaluniversitygraz",1
"530","medicaluniversityofgdańsk",1
"531","medicinesandhealthcareproductsregulatoryagency",1
"532","memorialcancerinstitute",1
"533","memorialsloanketteringcancercenterladanyim@mskcc",1
"534","meyercancercenterandenglanderinstituteforprecisionmedicine",1
"535","michiganstateuniversity",1
"536","militaryinstituteofmedicine",1
"537","mindichchildhealthanddevelopmentinstitute",1
"538","moffittcancercenter&researchinstitute",1
"539","moffittcancercenterandresearchinstitute",1
"540","mohammedvuniversityinrabat",1
"541","montefioremedicalcenter",1
"542","mooresucsandiegocomprehensivecancercenter",1
"543","mosesconeregionalcancercenter",1
"544","mrc/phecentreforenvironmentandhealth",1
"545","murdockresearchinstitute",1
"546","nanjingnormaluniversity",1
"547","nanjinguniversity",1
"548","nantonguniversity",1
"549","nationalandkapodistrianuniversityofathens",1
"550","nationalcancercenter",1
"551","nationalcancercentresingapore",1
"552","nationalcancerinstitutemexico",1
"553","nationalcenterforcancercareandresearch",1
"554","nationalcenterforhiv/aids",1
"555","nationalcenterforscientificandtechnolgicalresearch",1
"556","nationalcenterfortumordiseases",1
"557","nationalchengkunguniversity",1
"558","nationalhumangenomeresearchinstitute(nhgri)",1
"559","nationalinstituteofhealthsciencesbiologicalsafetycenter",1
"560","nationalinstituteofneurologicaldisordersandstroke",1
"561","nationalinstituteofneurologicaldisordersandstrokeandthecenterforcancerresearch",1
"562","nationalinstituteofpublichealth",1
"563","nationalinstituteonminorityhealthandhealthdisparities",1
"564","nationalinstitutesofallergyandinfectiousdiseases",1
"565","nationwidechildren'shospital",1
"566","neurosurgerydepartmentofhuashanhospital",1
"567","newhanoverregionalmedicalcenterradiationoncology",1
"568","newmexicostateuniversity",1
"569","newyorkpresbyterianhospital",1
"570","newyorkuniversity",1
"571","nhmrcclinicaltrialscentre",1
"572","noferinstituteofoccupationalmedicine",1
"573","northcarolinacancerhospital",1
"574","northdakotastateuniversity",1
"575","northwellhealth-northshorelongislandjewishmedicalcenter",1
"576","norwegianuniversityofscienceandtechnology",1
"577","NOTDETECTED/OTHER:,newrochelle,usa",1
"578","NOTDETECTED/OTHER:10officeofhealtheconomics,london,uk",1
"579","NOTDETECTED/OTHER:14boehringeringelheim,frankfurt,germany",1
"580","NOTDETECTED/OTHER:18usfoodanddrugadministration,silverspring,md,usa",1
"581","NOTDETECTED/OTHER:24internationalbraintumouralliance,surrey,uk",1
"582","NOTDETECTED/OTHER:25internalmedicine/oncology,institutjulesbordet,brussels,belgium",1
"583","NOTDETECTED/OTHER:27centrodeestudoseinvestigaçãoemsaúdedauniversidadedecoimbra,coimbra,portugal",1
"584","NOTDETECTED/OTHER:31healthcanada,ottawa,on,canada",1
"585","NOTDETECTED/OTHER:3interleukingenetics,waltham,ma,usa",1
"586","NOTDETECTED/OTHER:4fortcollinsradiologicassociates,pc,fortcollins,colorado",1
"587","NOTDETECTED/OTHER:6genentech,sanfrancisco,ca,usa",1
"588","NOTDETECTED/OTHER:8adelphivalues,bollington,uk",1
"589","NOTDETECTED/OTHER:academicdepartmentofpalliativemedicine,ourlady'shospiceandcareservices,dublin,ireland",1
"590","NOTDETECTED/OTHER:academicdepartmentofpalliativemedicine,ourlady'shospiceandcareservices,dublin,ireland.declan.walsh@carolinashealthcare.org",1
"591","NOTDETECTED/OTHER:adelphivalues,bollington,cheshire,uk",1
"592","NOTDETECTED/OTHER:adrugmetabolismandpharmacokinetics,takedapharmaceuticalsinternationalco,35landsdownestreet,cambridge,ma,usa",1
"593","NOTDETECTED/OTHER:alma(associationofpatientswithachalasia,onlus),naples,italy",1
"594","NOTDETECTED/OTHER:americansexualhealthassociation,researchtrianglepark,nc",1
"595","NOTDETECTED/OTHER:amgeninc.,thousandoaks,ca,usa",1
"596","NOTDETECTED/OTHER:andortechnology",1
"597","NOTDETECTED/OTHER:apobiologix,toronto,on,m9l2y6,canada",1
"598","NOTDETECTED/OTHER:appliedphotophysics,beverly,ma,usa",1
"599","NOTDETECTED/OTHER:astrazeneca,gothenburg,sweden",1
"600","NOTDETECTED/OTHER:banesthesiologyandsurgicaloncologyresearchgroup,houston,tx,usa",1
"601","NOTDETECTED/OTHER:bartshealthnhstrust,london,uk.electronicaddress:bhawna.sirohi13@gmail.com",1
"602","NOTDETECTED/OTHER:bcancerpharmacology,takedapharmaceuticalsinternationalco,40landsdownestreet,cambridge,ma,usa,and",1
"603","NOTDETECTED/OTHER:behavioralandepidemiologyresearchgroup,americancancersociety,250williamsst,atlanta,ga30303,usa",1
"604","NOTDETECTED/OTHER:bethelgospelassembly,newyork,ny10035,usa",1
"605","NOTDETECTED/OTHER:bhpvvaccinationandhpvvacsprogram,americancancersociety,atlanta,ga,usa",1
"606","NOTDETECTED/OTHER:bindtherapeutics,inc,cambridge,massachusetts.",1
"607","NOTDETECTED/OTHER:biomedvalleydiscoveries,kansascity,missouri",1
"608","NOTDETECTED/OTHER:biostatistics",1
"609","NOTDETECTED/OTHER:biostatisticscore,geisinger,danville,pennsylvania",1
"610","NOTDETECTED/OTHER:bladdercanceradvocacynetwork,bethesda,maryland",1
"611","NOTDETECTED/OTHER:boehringeringelheiminternationalgmbh,ingelheim,germany",1
"612","NOTDETECTED/OTHER:bostonbiocheminc.,cambridge,ma02139,usa",1
"613","NOTDETECTED/OTHER:cancerandagingresearchprogram,cityofhope,duarte,california",1
"614","NOTDETECTED/OTHER:cancerepidemiologyresearchprogramme,institutcatalàd'oncologia,barcelona,spain",1
"615","NOTDETECTED/OTHER:cancerresearchandbiostatistics,seattle,wa,usa",1
"616","NOTDETECTED/OTHER:cancertherapyevaluationprogram,nih,bethesda,maryland",1
"617","NOTDETECTED/OTHER:cancertrialsireland,dublin,ireland",1
"618","NOTDETECTED/OTHER:capesfoundation,ministryofeducationofbrazil,brasília,federaldistrict70040-020,brazil",1
"619","NOTDETECTED/OTHER:cardinalhealth,dublin,oh,unitedstates.electronicaddress:chadi.nabhan@cardinalhealth.com.",1
"620","NOTDETECTED/OTHER:celgenecorporation,summit,nj,unitedstates",1
"621","NOTDETECTED/OTHER:centrodeestudiosdeestadoysociedad,buenosaires,argentina",1
"622","NOTDETECTED/OTHER:chemicalbiologylaboratory,ccr,nci,frederick,21702,md,usa",1
"623","NOTDETECTED/OTHER:childandadolescentresearchandevaluationprogram,rtiinternational,researchtrianglepark,northcarolina.",1
"624","NOTDETECTED/OTHER:chriso'brienlifehouse,sydney,nsw,australia",1
"625","NOTDETECTED/OTHER:cityofhope,duarte,ca,unitedstates",1
"626","NOTDETECTED/OTHER:cityofhope,duarte,ca,usa",1
"627","NOTDETECTED/OTHER:cityofhope,duarte,california,usa",1
"628","NOTDETECTED/OTHER:coldspringharborlaboratory,coldspringharbor,newyork;lustgartenfoundationpancreaticcancerresearchlaboratory,coldspringharbor,newyork",1
"629","NOTDETECTED/OTHER:communitycarenetworkofnorthcarolina,raleigh,northcarolina",1
"630","NOTDETECTED/OTHER:communitycarepartnersofgreatermecklenburg,charlotte,northcarolina",1
"631","NOTDETECTED/OTHER:compassoncology,vancouver,wa,unitedstates",1
"632","NOTDETECTED/OTHER:consultantsingastroenterology,westcolumbia,southcarolina",1
"633","NOTDETECTED/OTHER:counsyl,inc.,sanfrancisco,california",1
"634","NOTDETECTED/OTHER:currentaddress:departmentofnaturalproducts,institutodequímica,universidadnacionalautónomademéxico,ciudaddeméxico,méxico",1
"635","NOTDETECTED/OTHER:departamentodemedicinapreventiva,faculdadedemedicinadauniversidadedesãopaulo,sãopaulo,brazil",1
"636","NOTDETECTED/OTHER:départementdemédecinesocialeetpréventive,écoledesantépublique,universitédemontréal,7101parkave,montréal,québec,canadah3n1x9",1
"637","NOTDETECTED/OTHER:départementdeneurochirurgie,hôpitalprivéclairval,ramsaygénéraldesanté,marseille,13009,france",1
"638","NOTDETECTED/OTHER:departmentofbasicsciences-microbiologydivision,step-upsummerprogram,ponce,puertorico,usa",1
"639","NOTDETECTED/OTHER:departmentofbiochemistryandbiophysics,and",1
"640","NOTDETECTED/OTHER:departmentofbiostatistics,synteract,inc.,morrisville,nc",1
"641","NOTDETECTED/OTHER:departmentofbiostatisticsandbioinformatics",1
"642","NOTDETECTED/OTHER:departmentofchemistry,and",1
"643","NOTDETECTED/OTHER:departmentofepidemiologyandhealthservicesresearch,geisinger,danville,pennsylvania",1
"644","NOTDETECTED/OTHER:departmentofgenetics",1
"645","NOTDETECTED/OTHER:departmentofhealthbehavior",1
"646","NOTDETECTED/OTHER:departmentofhealthpolicyandmanagement",1
"647","NOTDETECTED/OTHER:departmentofinternalmedicine,divisionofhematologyandoncology",1
"648","NOTDETECTED/OTHER:departmentofinternalmedicine,hopitallouismourier,paris,france",1
"649","NOTDETECTED/OTHER:departmentofinternalmedicine,nychealth,newyork,ny,usa",1
"650","NOTDETECTED/OTHER:departmentofmedicalaffairs,guardanthealth,inc.,redwoodcity,california",1
"651","NOTDETECTED/OTHER:departmentofmedicaloncology,institutonacionaldeenfermedadesneoplásicas,lima,perú",1
"652","NOTDETECTED/OTHER:departmentofmedicaloncologyandtherapeuticsresearch,cityofhope,duarte,california",1
"653","NOTDETECTED/OTHER:departmentofmedicine",1
"654","NOTDETECTED/OTHER:departmentofmedicine,nationaljewishhealth,denver,co,usa",1
"655","NOTDETECTED/OTHER:departmentofmedicine,weillcornellmedicine,newyork,newyork",1
"656","NOTDETECTED/OTHER:departmentofmedicineand",1
"657","NOTDETECTED/OTHER:departmentofmicrobiology,immunology,andcancerbiology,and",1
"658","NOTDETECTED/OTHER:departmentofmicrobiologyandimmunology,and",1
"659","NOTDETECTED/OTHER:departmentofneurology",1
"660","NOTDETECTED/OTHER:departmentofob/gyn,ponce,puertorico,usa.",1
"661","NOTDETECTED/OTHER:departmentofobstetrics&gynecology,cambridgehealthalliance,cambridge,ma",1
"662","NOTDETECTED/OTHER:departmentofotolaryngology,newyorkeyeandearinfirmary,newyork,ny,usa",1
"663","NOTDETECTED/OTHER:departmentofpathology",1
"664","NOTDETECTED/OTHER:departmentofpediatrics",1
"665","NOTDETECTED/OTHER:departmentofradiationoncology,beaumonthealth,royaloak,michigan",1
"666","NOTDETECTED/OTHER:departmentofradiationoncology,beaumonthealth,royaloak,michigan.prakash.chinnaiyan@beaumont.edu",1
"667","NOTDETECTED/OTHER:departmentofradiology,radiolonettokai,nagoya,japan",1
"668","NOTDETECTED/OTHER:departmentofresearchandevaluation,kaiserpermanenteresearch,pasadena,ca,usa",1
"669","NOTDETECTED/OTHER:departmentofsupportivecaremedicine,cityofhope,duarte,california.",1
"670","NOTDETECTED/OTHER:departmentofsurgery,agaplesion-markus-krankenhaus,frankfurt,germany",1
"671","NOTDETECTED/OTHER:departmentofsurgery,johnmuirhealth,concord,california",1
"672","NOTDETECTED/OTHER:departmentofsurgeryand",1
"673","NOTDETECTED/OTHER:departmentofurology",1
"674","NOTDETECTED/OTHER:departmentofurology,geisinger,danville,pennsylvania",1
"675","NOTDETECTED/OTHER:departmentsofmedicine",1
"676","NOTDETECTED/OTHER:deutscheskrebsforschungszentruminderhelmholtz-gemeinshaft,heidelberg,germany",1
"677","NOTDETECTED/OTHER:divisionofgeneralinternalmedicine,departmentofmedicine,weillcornellmedicine,525east68thstreet,box331,newyork,ny,10065,usa.lcp2003@med.cornell.edu",1
"678","NOTDETECTED/OTHER:divisionofgeneralinternalmedicine,weillcornellmedicine,newyork,newyork.",1
"679","NOTDETECTED/OTHER:divisionofgynecologiconcology,departmentofobstetricsandgynecology,and",1
"680","NOTDETECTED/OTHER:divisionofhematology/oncology,departmentofmedicine",1
"681","NOTDETECTED/OTHER:divisionofhematologyandoncology",1
"682","NOTDETECTED/OTHER:divisionofinfectiousdiseases,weillcornellmedicine,newyork,newyork",1
"683","NOTDETECTED/OTHER:divisionofresearch,kaiserpermanente,oakland,ca,usa.",1
"684","NOTDETECTED/OTHER:dukewomen'scancercare,raleigh,nc,usa.",1
"685","NOTDETECTED/OTHER:durhamveteransaffairshealthcaresystem,durham,nc,usa",1
"686","NOTDETECTED/OTHER:ecdsolutions,atlanta,georgia,usa",1
"687","NOTDETECTED/OTHER:end-of-life,hospice,andpalliativecareprogram,rtiinternational,researchtrianglepark,northcarolina",1
"688","NOTDETECTED/OTHER:epicsciences,inc,sandiego,california",1
"689","NOTDETECTED/OTHER:epidemiologyandpreventionunit,fondazioneirccs-istitutonazionaledeitumori,milan,italy",1
"690","NOTDETECTED/OTHER:equallycontributingfirstauthors",1
"691","NOTDETECTED/OTHER:esophagusandstomachdivision,departmentofsurgery,escolapaulistademedicina,sãopaulo,brazil",1
"692","NOTDETECTED/OTHER:faculdadedesaúdepública,universidadedesãopaulo,brazil",1
"693","NOTDETECTED/OTHER:facultyofchemistryandchemicalbiology,tudortmund,otto-hahn-str.6,44227dortmund,germany",1
"694","NOTDETECTED/OTHER:fairfieldbehavioralhealthservices,winnsboro,southcarolina",1
"695","NOTDETECTED/OTHER:fhi360,durham,nc,unitedstates",1
"696","NOTDETECTED/OTHER:fightcolorectalcancer,alexandria,va,unitedstates",1
"697","NOTDETECTED/OTHER:flatironhealth,newyork,ny,unitedstates.",1
"698","NOTDETECTED/OTHER:floridacancerspecialists,fortmyers",1
"699","NOTDETECTED/OTHER:franciscanhealth,indianapolis,in",1
"700","NOTDETECTED/OTHER:fromthedepartmentofgenetics,curriculumingeneticsandmolecularbiology",1
"701","NOTDETECTED/OTHER:fromthedepartmentofmicrobiology,immunologyandparasitology,and.",1
"702","NOTDETECTED/OTHER:genedx,gaithersburg,maryland",1
"703","NOTDETECTED/OTHER:genedx,inc.,gaithersburg,maryland",1
"704","NOTDETECTED/OTHER:genentech,amemberoftherochegroup,sanfrancisco,ca,usa",1
"705","NOTDETECTED/OTHER:genentech,southsanfrancisco,ca,usa",1
"706","NOTDETECTED/OTHER:genesishealthcarepartners,sandiego,california.",1
"707","NOTDETECTED/OTHER:genitourinarymalignanciesbranch,ccr,nci,bethesda,20892,md,usa",1
"708","NOTDETECTED/OTHER:genomicslaboratory,fredericknationallaboratoryforcancerresearch,frederick,21702,md,usa",1
"709","NOTDETECTED/OTHER:georgiacancerspecialists,atlanta,georgia",1
"710","NOTDETECTED/OTHER:giqualityimprovementconsortium",1
"711","NOTDETECTED/OTHER:glaxosmithklineinc.,r&d,kingofprussia,pa,usa",1
"712","NOTDETECTED/OTHER:globalcoalitionagainstcervicalcancer,arlington,va.",1
"713","NOTDETECTED/OTHER:gradyhealthsystem,atlanta,ga",1
"714","NOTDETECTED/OTHER:gtx,memphis,tennessee",1
"715","NOTDETECTED/OTHER:harvardradiationoncologyprogram,boston,ma02114,usa.electronicaddress:jdbyrne@partners.org",1
"716","NOTDETECTED/OTHER:healthcore-neri,watertown,ma,usa",1
"717","NOTDETECTED/OTHER:hellenichealthfoundation,athens,greece",1
"718","NOTDETECTED/OTHER:highpointregionalradiationoncology,highpoint,nc",1
"719","NOTDETECTED/OTHER:huntsmancancerinsitute",1
"720","NOTDETECTED/OTHER:huntsmancancerinsituteneli.ulrich@hci.utah.edu.",1
"721","NOTDETECTED/OTHER:ideo,sanfrancisco,ca,usa",1
"722","NOTDETECTED/OTHER:informationsystems,northropgrummancorporation,atlanta,ga,usa",1
"723","NOTDETECTED/OTHER:innocrinpharmaceuticalsinc.,durham,nc,usa",1
"724","NOTDETECTED/OTHER:institutdeneurophysiopathologie-umr7051,aix-marseilleuniversité,marseille,13344,france",1
"725","NOTDETECTED/OTHER:institutjulesbordet,universitélibredebruxelles,brussels,belgium",1
"726","NOTDETECTED/OTHER:institutneuromyogeneinsermu1217/cnrsumr5310,universitédelyon-universitéclaudebernardlyon1,f-69372,lyon,france",1
"727","NOTDETECTED/OTHER:institutneuromyogeneinsermu1217/cnrsumr5310,universitédelyon-universitéclaudebernardlyon1,f-69372,lyon,france.jerome.honnorat@chu-lyon.fr",1
"728","NOTDETECTED/OTHER:institutonacionaldecienciasmédicasynutriciónsalvadorzubirán,mexicocity,mexico",1
"729","NOTDETECTED/OTHER:internationalbraintumouralliance,surrey,uk",1
"730","NOTDETECTED/OTHER:invitaecorporation,sanfrancisco,california",1
"731","NOTDETECTED/OTHER:janssenresearch&development,horsham,pa,usa",1
"732","NOTDETECTED/OTHER:janssenresearch&development,losangeles,ca,usa",1
"733","NOTDETECTED/OTHER:janssenresearch&development,raritan,nj,usa",1
"734","NOTDETECTED/OTHER:janssenresearch&development,springhouse,pa,usa",1
"735","NOTDETECTED/OTHER:kaiserpermanentenortherncalifornia,divisionofresearch,2000broadway,oakland,ca,94612usa.electronicaddress:candyce.h.kroenke@kp.org",1
"736","NOTDETECTED/OTHER:kaiserpermanentenortherncalifornia,oakland,ca,usa",1
"737","NOTDETECTED/OTHER:kaiserpermanentenortherncaliforniadivisionofresearch.electronicaddress:devon.k.check@kp.org",1
"738","NOTDETECTED/OTHER:kaiserpermanentenortherncaliforniadivisionofresearch.electronicaddress:isaac.j.ergas@kp.org",1
"739","NOTDETECTED/OTHER:kaiserpermanentenortherncaliforniadivisionofresearch.electronicaddress:janise.m.roh@kp.org",1
"740","NOTDETECTED/OTHER:kaiserpermanentenortherncaliforniadivisionofresearch.electronicaddress:larry.kushi@kp.org",1
"741","NOTDETECTED/OTHER:kaiserpermanentenortherncaliforniadivisionofresearch.electronicaddress:marilyn.l.kwan@kp.org.",1
"742","NOTDETECTED/OTHER:kaiserpermanentenortherncaliforniadivisionofresearch.electronicaddress:valerie.s.lee@kp.org",1
"743","NOTDETECTED/OTHER:kleinbuendel,inc.,1667coleblvd.ste.225,golden,co80401,unitedstates.electronicaddress:bwalkosz@kleinbuendel.com",1
"744","NOTDETECTED/OTHER:laboratoryanimalsciencesprogram,fredericknationallaboratoryforcancerresearch,frederick,21702,md,usa",1
"745","NOTDETECTED/OTHER:laboratoryformolecularmedicine,partnershealthcarepersonalizedmedicine,cambridge,massachusetts",1
"746","NOTDETECTED/OTHER:laboratoryformolecularmedicine,partnershealthcarepersonalizedmedicine,cambridge,massachusetts,usa",1
"747","NOTDETECTED/OTHER:laboratoryofpathology,ccr,nci,bethesda,20892,md,usa",1
"748","NOTDETECTED/OTHER:laboratoryoftranslationaloncology,institutodeinvestigaciónsanitariagregoriomarañón(iisgm),madrid,spain",1
"749","NOTDETECTED/OTHER:losmuros,rimont,france",1
"750","NOTDETECTED/OTHER:malawicancerconsortiumand",1
"751","NOTDETECTED/OTHER:mdanderson,departmentofradiationoncology,houston,tx,usa",1
"752","NOTDETECTED/OTHER:mdandersonorlando,orlando,fl,usa",1
"753","NOTDETECTED/OTHER:mecklenburgcountypublichealthdepartment,charlotte,northcarolina",1
"754","NOTDETECTED/OTHER:medicaloncologyunit,ospedalecàfoncello,piazzaleospedale1,treviso,italy",1
"755","NOTDETECTED/OTHER:memberofconsejonacionaldeinvestigacionescientíficasytécnicas(conicet),buenosaires,argentina",1
"756","NOTDETECTED/OTHER:merckandcompany,inc.,westpoint",1
"757","NOTDETECTED/OTHER:merckresearchlaboratories,merck&co.,kenilworth,nj,usa",1
"758","NOTDETECTED/OTHER:microbiologyandimmunology,and",1
"759","NOTDETECTED/OTHER:ministryofhealth,zambia,zambia",1
"760","NOTDETECTED/OTHER:minneapolisvahealthcaresystem,minneapolis,mn,usa",1
"761","NOTDETECTED/OTHER:moleculargeneticsandgenomicsinaruplaboratories,saltlakecity,utah,usa",1
"762","NOTDETECTED/OTHER:mskcc",1
"763","NOTDETECTED/OTHER:nationalhealthlaboratoryservice,johannesburg,southafrica",1
"764","NOTDETECTED/OTHER:nationwidechildren's,nationwidechildren's",1
"765","NOTDETECTED/OTHER:neuro-oncologie,hôpitalneurologiquepierrewertheimer,59boulevardpinel,69677,broncedex,france.jerome.honnorat@chu-lyon.fr.",1
"766","NOTDETECTED/OTHER:nihspecialvolunteer,wayne,pennsylvania19087,unitedstates",1
"767","NOTDETECTED/OTHER:novonordiska/s,bagsværd,denmark",1
"768","NOTDETECTED/OTHER:officeofhealtheconomics,london,uk",1
"769","NOTDETECTED/OTHER:oncoceuticsphiladelphia,pa,usa.",1
"770","NOTDETECTED/OTHER:partnershealthcarelaboratoryformolecularmedicine,cambridge,massachusetts,usa",1
"771","NOTDETECTED/OTHER:path,seattle,wa",1
"772","NOTDETECTED/OTHER:pathology,upmc",1
"773","NOTDETECTED/OTHER:patientadvocates,bladdercanceradvocacynetwork,bethesda,maryland",1
"774","NOTDETECTED/OTHER:patientrepresentative,eastlansing,mi,usa",1
"775","NOTDETECTED/OTHER:pediatricpartners,3401pgablvd,suite300,palmbeachgardens,fl33410,unitedstates.electronicaddress:tschechtman@pediatricpartners.com",1
"776","NOTDETECTED/OTHER:pennstatecancerinstitution,hershey,pennsylvania",1
"777","NOTDETECTED/OTHER:penrose-st.francishealthservices,coloradosprings,colorado",1
"778","NOTDETECTED/OTHER:peregrinepharmaceuticals,inc,tustin,ca.",1
"779","NOTDETECTED/OTHER:perkinelmergenetics,pittsburgh,pennsylvania",1
"780","NOTDETECTED/OTHER:pfizerinc.,groton,ct,usa",1
"781","NOTDETECTED/OTHER:qsolutions-eagenomics,morrisville,northcarolina",1
"782","NOTDETECTED/OTHER:r&d,genomedxbiosciences",1
"783","NOTDETECTED/OTHER:radiationeffectsresearchfoundation,hiroshima,japan",1
"784","NOTDETECTED/OTHER:regionalhealth,rapidcity,sd,usa",1
"785","NOTDETECTED/OTHER:researchanddevelopment,glaxosmithkline,inc.,kingofprussia,pennsylvania",1
"786","NOTDETECTED/OTHER:researchanddevelopment,veteransaffairspugetsoundhealthcaresystem,seattle,washington",1
"787","NOTDETECTED/OTHER:righttocare,johannesburg,southafrica",1
"788","NOTDETECTED/OTHER:royalmarsdennhsfoundationtrust,london,uk",1
"789","NOTDETECTED/OTHER:rti-healthsolutions,200parkofficesdrive,researchtrianglepark,nc,27709,usa.tcoles@rti.org",1
"790","NOTDETECTED/OTHER:rtiinternational,researchtrianglepark,nc,unitedstates(treimanatrtiinternational,6110executiveblvd,rockville,md20850)",1
"791","NOTDETECTED/OTHER:rtiinternational,researchtrianglepark,nc,unitedstates(treimanatrtiinternational,6110executiveblvd,rockville,md20850).electronicaddress:ktreiman@rti.org",1
"792","NOTDETECTED/OTHER:rtiinternational,waltham,ma,unitedstates",1
"793","NOTDETECTED/OTHER:salisburyveteransaffairshealthcaresystem,salisbury,nc,usa",1
"794","NOTDETECTED/OTHER:scitovationllc,researchtrianglepark,nc,27709,usa",1
"795","NOTDETECTED/OTHER:semanticbits,herndon,va,unitedstates",1
"796","NOTDETECTED/OTHER:shanghaikeylabofmedicalimagecomputingandcomputer-assistedintervention,shanghai,200040,china",1
"797","NOTDETECTED/OTHER:shanghaikeylabofmedicalimagecomputingandcomputer-assistedintervention,shanghai,200040,china.hlujf@126.com",1
"798","NOTDETECTED/OTHER:social&scientificsystems,inc.,silverspring,maryland",1
"799","NOTDETECTED/OTHER:socialandscientificsystems,inc.,durham,nc,usa",1
"800","NOTDETECTED/OTHER:southernpathologyinc.,ponce,puertorico,usa",1
"801","NOTDETECTED/OTHER:southwestradiationoncology,oklahomacity,oklahoma",1
"802","NOTDETECTED/OTHER:tatatrusts,mumbai,india",1
"803","NOTDETECTED/OTHER:tempuslabs,chicago,illinois",1
"804","NOTDETECTED/OTHER:texasoncology,longview,tx,unitedstates",1
"805","NOTDETECTED/OTHER:themacdermottmethod,inc.,345n.mapledrive,suite208,beverlyhills,ca,90210,usa",1
"806","NOTDETECTED/OTHER:therapeuticproductsdirectorate,healthproductsandfoodbranch,healthcanada,ottawa,on,canada",1
"807","NOTDETECTED/OTHER:traconpharmaceuticals,inc.,sandiego,california,usa.",1
"808","NOTDETECTED/OTHER:translationalgenomicsandtargetedtherapeuticsinsolidtumors,institutd'investigacionsbiomediquesaugustpiisunyer(idibaps),barcelona,spain",1
"809","NOTDETECTED/OTHER:universidaddebuenosaires.facultaddemedicina.institutodeoncologíaa.h.roffo.áreadeinvestigación.sanmartin5481,buenosaires,c1417dtb,argentina",1
"810","NOTDETECTED/OTHER:ventanamedicalsystems,inc,tucson,arizona",1
"811","NOTDETECTED/OTHER:veritasgenetics,danvers,massachusetts,usa",1
"812","NOTDETECTED/OTHER:veteranaffairssandiegosystem,sandiego,ca,usa",1
"813","NOTDETECTED/OTHER:women'smalignanciesbranch,ccr,nci,bethesda,20892,md,usa",1
"814","NOTDETECTED/OTHER:women'smalignanciesbranch,ccr,nci,bethesda,20892,md,usa.grilbrun@mail.nih.gov",1
"815","NOTDETECTED/OTHER:women'smalignanciesbranch,ccr,nci,bethesda,20892,md,usa.steegp@mail.nih.gov.",1
"816","nyulangonemedicalcenter",1
"817","nyuschoolofmedicine",1
"818","oaklanduniversitywilliambeaumontschoolofmedicine",1
"819","oakridgeinstituteforscienceeducation",1
"820","ochsnerclinicfoundation",1
"821","ohiostateuniversitycollegeofmedicine",1
"822","ohiostateuniversitycollegeofpublichealth",1
"823","ohiostateuniversitycomprehensivecancercenter",1
"824","ohsuknightcancerinstitute",1
"825","oklahomauniversityofoklahoma",1
"826","oncologycenterofexcellence",1
"827","oregonhealthandsciencesuniversity",1
"828","oregonhealthscienceuniversity",1
"829","osakainternationalcancerinstitute",1
"830","osakamedicalcollege",1
"831","osbornfamilyhealthcenter",1
"832","oslouniversityhospital",1
"833","ospedalemaggiorepoliclinico;departmentofpathophysiologyandtransplantation;universitàdeglistudi",1
"834","padovauniversityhospital",1
"835","palackyuniversity",1
"836","parisdescartesuniversity",1
"837","pennstatecollegeofmedicine",1
"838","perdanauniversity",1
"839","polytechnicuniversityofthemarcheregion",1
"840","poncehealthsciencesuniversity",1
"841","princessmargarethospital",1
"842","princetonuniversity",1
"843","pslresearchuniversity",1
"844","publichealthdirectionandbiodonostiaresearchinstituteandcentrodeinvestigaciónbiomédicaenreddeepidemiologíaysaludpública",1
"845","publichealthsciencesdivisionfredhutchinsoncancerresearchcenter",1
"846","purdueuniversityschoolofpharmacyandthepurduecenterforcancerresearch",1
"847","quebecheartandlunginstitute",1
"848","queen'suniversity",1
"849","queen'suniversitybelfast",1
"850","queenmaryuniversityoflondon",1
"851","queenscancercenterofqueenshospital",1
"852","radbouduniversitynijmegenmedicalcenter",1
"853","ramónycajaluniversityhospital",1
"854","redcrosswarmemorialchildren'shospital",1
"855","regionalcenterofresearchexcellencefornon-communicablediseases",1
"856","renaissancecomputinginstitute",1
"857","researchinstitute",1
"858","researchtriangleinstitute",1
"859","rexhospitalraleighradiationoncology",1
"860","rikencenterforintegrativemedicalsciences",1
"861","rockymountaincancercenter",1
"862","rockymountaincancercenters",1
"863","roswellparkcomprehensivecancercenter",1
"864","roswellparkcomprehensivecancerinstitute",1
"865","royalbrisbaneandwomen'shospital",1
"866","royalcollegeofsurgeonsinireland",1
"867","ruhr-universitybochum",1
"868","rushuniversitymedicalcollege",1
"869","rutgersschoolofpublichealth",1
"870","saintlouisuniversityschoolofmedicine",1
"871","salvadorzubirannationalinstituteofmedicalscienceandnutrition",1
"872","sammonscancercenter",1
"873","sancamilloforlaninihospital",1
"874","sanfilipponerihospital""",1
"875","sãopaulostateuniversity(unesp)",1
"876","sapienzauniversityofrome",1
"877","sarahcannonresearchinstitute",1
"878","schoolofmathematicsshandonguniversityjinan250100p",1
"879","schoolofmedicineofsãojosédoriopreto",1
"880","seattleuniversity",1
"881","seoulnationaluniversitycollegeofmedicine",1
"882","shanghaijiaotonguniversity",1
"883","shanghaijiaotonguniversityaffiliatedsixthpeoplehospitalsouthcampusshanghai",1
"884","sheffieldteachinghospitalsnhstrust",1
"885","shepscenterforhealthservicesresearch",1
"886","sidneykimmelcancercenter",1
"887","sitemancancercenteratwashingtonuniversity",1
"888","skåneuniversityhospital",1
"889","slotervaarthospital",1
"890","southeastclinicaloncologyresearchconsortium",1
"891","southeasternmedicaloncologycenter",1
"892","southeastuniversity",1
"893","southwestmedicaluniversity",1
"894","stanfordmedicalschool",1
"895","statekeylaboratorycultivationbasefortcmqualityandefficacynanjinguniversityofchinesemedicinenanjing210023china",1
"896","statekeylaboratoryofmicrobialtechnologyshandonguniversityjinan250100p",1
"897","stateuniversityofcampinas",1
"898","stateuniversityofcampinas-unicamp",1
"899","stateuniversityofnewyorkatstonybrook",1
"900","stonybrookuniversity",1
"901","sugiyamajogakuenuniversityschooloflifestudies",1
"902","swedishneuroscienceinstitute",1
"903","tatamemorialcentre",1
"904","technicaluniversity",1
"905","texaschildren'scancercenteranddepartmentofpediatrics",1
"906","texaschildren'shospital",1
"907","texasmedicalcenterdigestivediseasecenter",1
"908","texasoncologyatbayloruniversitymedicalcenter",1
"909","texastechuniversity",1
"910","theanaplastologyclinic",1
"911","thecatholicuniversityofkoreacollegeofmedicine",1
"912","thechineseuniversityofhongkong",1
"913","thedartmouthinstituteforhealthpolicyandclinicalpractice",1
"914","thefirstaffiliatedhospitalofguangzhoumedicaluniversity",1
"915","thegeiselschoolofmedicineatdartmouthcollege",1
"916","thegeorgewashingtonuniversitycancercenter",1
"917","thehospitalforsickchildren",1
"918","thenationalinstituteofoccupationalhealth",1
"919","theohiostatemedicalcenter",1
"920","theohiostateuniversity-jamescomprehensivecancercenter",1
"921","theohiostateuniversitycollegeofmedicine",1
"922","theohiostateuniversityjamescancerhospital",1
"923","theohiostateuniversitywexnermedicalcenter",1
"924","thesecondhospitalofjilinuniversity",1
"925","theunionhospitaloffujianmedicaluniversity",1
"926","theuniversityhospitalforthealberteinsteincollegeofmedicine",1
"927","theuniversityofadelaide",1
"928","theuniversityofarizonacancercenter",1
"929","theuniversityofbritishcolumbia",1
"930","theuniversityofmelbourne",1
"931","theuniversityoftexasatdallas",1
"932","theuniversityoftexasmdandersoncancercenter;elshadhasanov",1
"933","theuniversityoftexasmdandersoncancercenteruthealthgraduateschoolofbiomedicalsciences",1
"934","theuniversityoftokyo",1
"935","theuniversityofvirginia",1
"936","thirdmilitarymedicaluniversity",1
"937","thomas'hospital",1
"938","tohouniversitysakuramedicalcenter",1
"939","tokyouniversityofagricultureandtechnology",1
"940","tokyouniversityofpharmacyandlifesciences",1
"941","tongjiuniversity",1
"942","translationalgenomicsresearchinstitute(tgen)",1
"943","translationalresearchinstitute",1
"944","trinitycentreforbioengineering",1
"945","trinitycollegedublin",1
"946","troyuniversity",1
"947","tuftsuniversity",1
"948","tuftsuniversityschoolofdentalmedicine",1
"949","tuftsuniversityschoolofmedicine",1
"950","tuskegeeuniversity",1
"951","uclaschoolofpublichealth",1
"952","ucscgenomicsinstitute",1
"953","umeåuniversityhospital",1
"954","unitedarabemirateswashingtonuniversityschoolofmedicine",1
"955","unitedstates;universityofcincinnati",1
"956","unitedstates;universityofsouthflorida",1
"957","unitedstates;universityoftennesseehealthsciencecenter",1
"958","universitycancercenterhamburg",1
"959","universityclinichamburgeppendorf",1
"960","universityclinicofheidelberg",1
"961","universitycollegedublin",1
"962","universitygrenoblealpes",1
"963","universitygynecologiconcology",1
"964","universityhospitalbergmannsheil",1
"965","universityhospitalcenterzagreb",1
"966","universityhospitalhassaniioffez",1
"967","universityhospitalheidelberg",1
"968","universityhospitalofangersunam",1
"969","universityhospitalofbesançon",1
"970","universityhospitalofleipzig",1
"971","universityhospitals",1
"972","universityhospitalschleswig-holstein",1
"973","universityhospitalsclevelandmedicalcenter",1
"974","universityhospitalssouthampton",1
"975","universitymedicalcentergroningen",1
"976","universitymohammedpremier",1
"977","universityofaberdeen",1
"978","universityofadelaide",1
"979","universityofalabama",1
"980","universityofalabamacomprehensivecancercenter",1
"981","universityofalberta",1
"982","universityofarizonacancercenter",1
"983","universityofarkansas",1
"984","universityofbergen",1
"985","universityofbologna",1
"986","universityofbordeaux",1
"987","universityofbristol",1
"988","universityofbritishcolumbiayewang@bccrc",1
"989","universityofbuenosaires",1
"990","universityofbuffaloschoolofmedicineandbiotechnology",1
"991","universityofcalifornia-davis",1
"992","universityofcalifornia-sandiego",1
"993","universityofcalifornia-sanfrancisco",1
"994","universityofcaliforniaatberkeley",1
"995","universityofcaliforniaatirvine",1
"996","universityofcaliforniaatsanfrancisco",1
"997","universityofcaliforniadavis",1
"998","universityofcaliforniainlosangeles",1
"999","universityofcalifornialosangelesdavidgeffenschoolofmedicine",1
"1000","universityofcalifornialosangelesdavidgeffenschoolofmedicine;dshackelford@mednet",1
"1001","universityofcaliforniasandiegoschoolofmedicine",1
"1002","universityofcaliforniasanfranciscohelendillerfamilycomprehensivecancercenter",1
"1003","universityofcaliforniasanfranciscomedicalcenter",1
"1004","universityofcaliforniasanfranciscoschoolofmedicine",1
"1005","universityofcapetown",1
"1006","universityofchicagocomprehensivecancer",1
"1007","universityofchicagocomprehensivecancercenter",1
"1008","universityofchicagomedicalcenterandbiologicalsciences",1
"1009","universityofcincinnati",1
"1010","universityofcologne",1
"1011","universityofcoloradoanschutzmedicalcenter",1
"1012","universityofcoloradocancercenter",1
"1013","universityofcopenhagenandbispebjerghospital",1
"1014","universityofduisburg-essen",1
"1015","universityofdundee",1
"1016","universityofedinburgh",1
"1017","universityofflorence",1
"1018","universityofflorida",1
"1019","universityofgeorgiaathens",1
"1020","universityofglasgow",1
"1021","universityofgroningen",1
"1022","universityofhawai'icancercenter",1
"1023","universityofhawaiicancercenter",1
"1024","universityofheidelberg",1
"1025","universityofhelsinki",1
"1026","universityofhouston",1
"1027","universityofillinois",1
"1028","universityofiowa",1
"1029","universityofkansasschoolofmedicine",1
"1030","universityoflatvia",1
"1031","universityofleuven",1
"1032","universityofliverpool",1
"1033","universityofliverpoolcancerresearchcentreinstituteoftranslationalmedicine",1
"1034","universityoflondon",1
"1035","universityoflouisvillecollegeofmedicine",1
"1036","universityoflouisvilleschoolofmedicine",1
"1037","universityoflyon",1
"1038","universityofmanchester",1
"1039","universityofmarylandschoolofmedicine",1
"1040","universityofmassachusettsmedicalschool",1
"1041","universityofmiamileonardmmillerschoolofmedicine",1
"1042","universityofmiamimillerschoolofmedicine",1
"1043","universityofmichiganhealthsystem",1
"1044","universityofmichiganhospitalandhealthsystems",1
"1045","universityofmichiganmedicalschool",1
"1046","universityofmichiganschoolofpublichealth",1
"1047","universityofmilano-bicocca",1
"1048","universityofminnesotamasoniccancercenter",1
"1049","universityofmississippimedicalcenter",1
"1050","universityofnottingham",1
"1051","universityofoviedoandciberesp",1
"1052","universityofpadua",1
"1053","universityofpennsylvaniaperelmanschoolofmedicine",1
"1054","universityofpisa",1
"1055","universityofpittsburghgraduateschoolofpublichealthandupmchillmancancercenter",1
"1056","universityofpittsburghmedicalcenter",1
"1057","universityofpretoria",1
"1058","universityofqueensland",1
"1059","universityofsãopaulo",1
"1060","universityofsãopauloschoolofmedicine",1
"1061","universityofsãopauloschoolofmedicine(fmusp)",1
"1062","universityofsouthampton",1
"1063","universityofsoutherncaliforniaanduscnorriscomprehensivecancercenter",1
"1064","universityoftennessee",1
"1065","universityoftennesseehealthsciencescenter/westcancercenter",1
"1066","universityoftennesseemedicalcenterknoxville",1
"1067","universityoftexas",1
"1068","universityoftexasataustindellmedicalschool",1
"1069","universityoftexasatriograndevalley-schoolofmedicine",1
"1070","universityoftexashealthsciencecenteratsanantonio",1
"1071","universityoftexashealthsciencescenteratsanantonio",1
"1072","universityoftokyo",1
"1073","universityoftromsø",1
"1074","universityofudine",1
"1075","universityofulm",1
"1076","universityofutahsaltlakecity",1
"1077","universityofvirginiahealthsciencecenter",1
"1078","universityofvirginiaschoolofmedicine",1
"1079","universityofwashington/seattlecancercarealliance",1
"1080","universityofwashingtoncenterformendeliangenomics",1
"1081","universityofwashingtonschoolofmedicine;departmentofhealthservices",1
"1082","universityofwashingtonseattlecancercarealliance",1
"1083","universityofwesternaustralia",1
"1084","universityofwisconsin-milwaukee",1
"1085","universityofwisconsinschoolofmedicine",1
"1086","universityofwisconsinschoolofmedicinedlwheeler@wisc",1
"1087","universityofwitwatersrand",1
"1088","universityofzambiaschoolofmedicine;kennedylishimpi",1
"1089","universityofzurich",1
"1090","universityteachinghospital",1
"1091","universityteachinghospital-womenandnewbornhospital",1
"1092","upstateuniversityhospital",1
"1093","usa;pennstatecancerinstitute",1
"1094","usa;templeuniversity",1
"1095","utsouthwesternmedicalcenter",1
"1096","vanandelresearchinstitute",1
"1097","vanderbiltgeneticsinstitute",1
"1098","varmia&masuriauniversity",1
"1099","veteransaffairsmedicalcenterandoregonhealthandscienceuniversity",1
"1100","veteransaffairspugetsoundhealthcaresystemanduniversityofwashington",1
"1101","veteransaffairssandiegohealthcaresystemanduniversityofcalifornia",1
"1102","victoriauniversity",1
"1103","virginiacommonwealthuniversity",1
"1104","virginiacommonwealthuniversityatrichmond",1
"1105","virginiatechcarilionschoolofmedicine",1
"1106","vuuniversitymedicalcenter",1
"1107","wakeforestbaptistmedicalcenter",1
"1108","wakeforestuniversityhealthsciences",1
"1109","walterreednationalmilitarymedicalcenter",1
"1110","washingtonuniversitymedicalcenter",1
"1111","washingtonuniversityschoolofmedicineinst",1
"1112","weillmedicalcollegeofcornelluniversity",1
"1113","wellcometrustsangerinstitute",1
"1114","westcancercenter",1
"1115","westcancercenterattheuniversityoftennessee",1
"1116","westvirginiauniversity",1
"1117","windhoekcentralhospital",1
"1118","winshipcancerinstituteofemoryuniversity",1
"1119","womenandinfantshospital/brownuniversity",1
"1120","wuhanuniversity",1
"1121","wuhanuniversityoftechnology",1
"1122","xi'anjiaotonguniversitycollegeofmedicine",1
"1123","yaleschoolofmedicine",1
"1124","yaleuniversity",1
"1125","zhejiangchinesemedicaluniversity",1
"1126","zhejianguniversity",1
"1127","zhejianguniversityschoolofmedicine",1
"1128","zhengzhouuniversity",1
"1129","zhujianghospitalofsouthernmedicaluniversity",1
